rate_hz,stage,level_db,g,c1,c2
44100,1,10,0.00640896102,0.994649291,-0.49468562
44100,1,9,0.00564831635,0.994371116,-0.494407475
44100,1,8,0.00492745498,0.994062304,-0.494098604
44100,1,7,0.00424901908,0.993717313,-0.493753642
44100,1,6,0.00361328688,0.993329525,-0.493365824
44100,1,5,0.00299604819,0.992890418,-0.492926687
44100,1,4,0.002397598,0.992389023,-0.492425263
44100,1,3,0.00181575702,0.991811097,-0.491847336
44100,1,2,0.00122641888,0.991137743,-0.491173953
44100,1,1,0.000624362961,0.990343094,-0.490379304
44100,1,0,0,0,0
44100,1,-1,-0.000623584318,0.989108026,-0.489144146
44100,1,-2,-0.00122341805,0.988712609,-0.488748729
44100,1,-3,-0.00180918688,0.988222361,-0.488258481
44100,1,-4,-0.002386156,0.987653017,-0.487689108
44100,1,-5,-0.00297820242,0.986976326,-0.487012416
44100,1,-6,-0.00358736259,0.986202657,-0.486238688
44100,1,-7,-0.00421321485,0.985343814,-0.485379845
44100,1,-8,-0.0048793694,0.98436147,-0.484397471
44100,1,-9,-0.00558522251,0.983263552,-0.483299494
44100,1,-10,-0.00632785121,0.982061267,-0.482097179
44100,2,10,-0.00493704947,0.975822687,-0.476219028
44100,2,9,-0.00432902994,0.977021217,-0.477417976
44100,2,8,-0.00373874791,0.9781847,-0.478581965
44100,2,7,-0.00317825912,0.979289472,-0.479687184
44100,2,6,-0.0026571604,0.980316639,-0.480714738
44100,2,5,-0.00215144153,0.981313467,-0.481711984
44100,2,4,-0.00167141098,0.982259631,-0.482658565
44100,2,3,-0.00122525799,0.983139038,-0.48353833
44100,2,2,-0.00079240388,0.983992279,-0.484391868
44100,2,1,-0.000381655933,0.984801888,-0.485201836
44100,2,0,0,0,0
44100,2,-1,0.000381947466,0.985554159,-0.485954434
44100,2,-2,0.000793661689,0.985554159,-0.485954434
44100,2,-3,0.00122826791,0.985554159,-0.485954434
44100,2,-4,0.00167701696,0.985554159,-0.485954434
44100,2,-5,0.00216073915,0.985554159,-0.485954434
44100,2,-6,0.00267135678,0.985554159,-0.485954434
44100,2,-7,0.00319859106,0.985554159,-0.485954434
44100,2,-8,0.00376691483,0.985554159,-0.485954434
44100,2,-9,0.00436683837,0.985554159,-0.485954434
44100,2,-10,0.00498628477,0.985554159,-0.485954434
48000,1,10,0.00589078758,0.995084584,-0.49511528
48000,1,9,0.00519175967,0.99482882,-0.494859517
48000,1,8,0.00452927966,0.994544804,-0.4945755
48000,1,7,0.00390577572,0.994227588,-0.494258225
48000,1,6,0.00332150399,0.993870914,-0.493901551
48000,1,5,0.00275420723,0.993466973,-0.49349764
48000,1,4,0.00220415392,0.993005812,-0.493036419
48000,1,3,0.00166933564,0.992474139,-0.492504776
48000,1,2,0.00112758309,0.991854668,-0.491885245
48000,1,1,0.000574083359,0.991123497,-0.491154075
48000,1,0,0,0,0
48000,1,-1,-0.000573424913,0.989986837,-0.490017354
48000,1,-2,-0.00112504594,0.989622891,-0.489653409
48000,1,-3,-0.00166378089,0.989171624,-0.489202142
48000,1,-4,-0.00219448004,0.988647521,-0.488678008
48000,1,-5,-0.00273911911,0.988024533,-0.488055021
48000,1,-6,-0.00329958485,0.987312198,-0.487342626
48000,1,-7,-0.00387550215,0.986521304,-0.486551732
48000,1,-8,-0.00448861951,0.985616565,-0.485646963
48000,1,-9,-0.00513840513,0.984605193,-0.484635532
48000,1,-10,-0.00582219334,0.983497441,-0.48352778
48000,2,10,-0.00454478944,0.977773309,-0.478108466
48000,2,9,-0.00398468971,0.978878677,-0.479214191
48000,2,8,-0.00344103365,0.97995156,-0.480287462
48000,2,7,-0.00292491331,0.980970085,-0.481306374
48000,2,6,-0.00244514807,0.981916904,-0.482253492
48000,2,5,-0.0019796195,0.982835591,-0.483172536
48000,2,4,-0.00153780752,0.983707547,-0.484044731
48000,2,3,-0.00112723676,0.984517813,-0.484855264
48000,2,2,-0.000728960673,0.98530376,-0.485641539
48000,2,1,-0.000351075782,0.986049533,-0.486387551
48000,2,0,0,0,0
48000,2,-1,0.000351322466,0.986742377,-0.487080634
48000,2,-2,0.000730025,0.986742377,-0.487080634
48000,2,-3,0.00112978392,0.986742377,-0.487080634
48000,2,-4,0.00154255179,0.986742377,-0.487080634
48000,2,-5,0.00198748847,0.986742377,-0.487080634
48000,2,-6,0.00245716423,0.986742377,-0.487080634
48000,2,-7,0.00294212438,0.986742377,-0.487080634
48000,2,-8,0.00346487924,0.986742377,-0.487080634
48000,2,-9,0.0040167002,0.986742377,-0.487080634
48000,2,-10,0.0045864787,0.986742377,-0.487080634
88200,1,10,0.00321304752,0.997326612,-0.497335702
88200,1,9,0.00283210329,0.99718678,-0.49719587
88200,1,8,0.0024710414,0.99703145,-0.49704054
88200,1,7,0.0021311848,0.996857882,-0.496867001
88200,1,6,0.00181267271,0.996662736,-0.496671855
88200,1,5,0.00150335452,0.996441662,-0.496450752
88200,1,4,0.0012033676,0.996189117,-0.496198207
88200,1,3,0.00091160275,0.995897889,-0.495906949
88200,1,2,0.000615933153,0.995558262,-0.495567381
88200,1,1,0.000313693308,0.995157242,-0.495166361
88200,1,0,0,0,0
88200,1,-1,-0.000313496625,0.9945333,-0.49454239
88200,1,-2,-0.000615175348,0.994333386,-0.494342476
88200,1,-3,-0.000909943774,0.994085431,-0.494094521
88200,1,-4,-0.00120047829,0.993797302,-0.493806362
88200,1,-5,-0.00149884785,0.993454635,-0.493463695
88200,1,-6,-0.00180612493,0.993062556,-0.493071616
88200,1,-7,-0.00212213956,0.992626965,-0.492636025
88200,1,-8,-0.00245888927,0.992128253,-0.492137313
88200,1,-9,-0.00281615206,0.991570294,-0.491579354
88200,1,-10,-0.00319253188,0.990958571,-0.490967661
88200,2,10,-0.00249848049,0.987864912,-0.487965226
88200,2,9,-0.00218945346,0.988478541,-0.488578886
88200,2,8,-0.00188979949,0.989073575,-0.489173979
88200,2,7,-0.00160559628,0.989637911,-0.489738345
88200,2,6,-0.00134165073,0.990162015,-0.490262508
88200,2,5,-0.00108575716,0.990670145,-0.490770668
88200,2,4,-0.000843099901,0.991151929,-0.491252571
88200,2,3,-0.000617775484,0.991599381,-0.491700023
88200,2,2,-0.000399358483,0.992033064,-0.492133766
88200,2,1,-0.000192269799,0.992444277,-0.492545009
88200,2,0,0,0,0
88200,2,-1,0.000192343767,0.992826045,-0.492926836
88200,2,-2,0.000399677694,0.992826045,-0.492926836
88200,2,-3,0.000618539692,0.992826045,-0.492926836
88200,2,-4,0.000844523893,0.992826045,-0.492926836
88200,2,-5,0.00108812004,0.992826045,-0.492926836
88200,2,-6,0.00134526053,0.992826045,-0.492926836
88200,2,-7,0.00161076884,0.992826045,-0.492926836
88200,2,-8,0.00189696928,0.992826045,-0.492926836
88200,2,-9,0.0021990831,0.992826045,-0.492926836
88200,2,-10,0.00251102797,0.992826045,-0.492926836
96000,1,10,0.00295262784,0.997543931,-0.49755165
96000,1,9,0.00260258908,0.997415423,-0.497423112
96000,1,8,0.00227081636,0.99727267,-0.497280359
96000,1,7,0.00195852551,0.997113168,-0.497120827
96000,1,6,0.00166584435,0.996933758,-0.496941417
96000,1,5,0.00138160598,0.996730506,-0.496738195
96000,1,4,0.00110593613,0.996498346,-0.496506006
96000,1,3,0.000837814063,0.996230602,-0.496238261
96000,1,2,0.000566092727,0.995918393,-0.495926052
96000,1,1,0.000288319105,0.995549679,-0.495557338
96000,1,0,0,0,0
96000,1,-1,-0.000288152951,0.994975924,-0.494983613
96000,1,-2,-0.000565452501,0.994792104,-0.494799763
96000,1,-3,-0.000836412539,0.994564056,-0.494571716
96000,1,-4,-0.00110349525,0.994299054,-0.494306743
96000,1,-5,-0.00137779885,0.993983924,-0.493991584
96000,1,-6,-0.00166031264,0.993623316,-0.493630946
96000,1,-7,-0.00195088389,0.993222654,-0.493230283
96000,1,-8,-0.00226054969,0.992763877,-0.492771536
96000,1,-9,-0.00258911238,0.992250562,-0.492258251
96000,1,-10,-0.00293529429,0.991687775,-0.491695434
96000,2,10,-0.00229773764,0.988847435,-0.488932163
96000,2,9,-0.00201343931,0.989412308,-0.489497066
96000,2,8,-0.00173779088,0.989959955,-0.490044773
96000,2,7,-0.00147638028,0.99047935,-0.490564197
96000,2,6,-0.00123362406,0.990961671,-0.491046548
96000,2,5,-0.000998293282,0.99142921,-0.491514146
96000,2,4,-0.000775152992,0.991872549,-0.491957515
96000,2,3,-0.000567967189,0.992284179,-0.492369205
96000,2,2,-0.000367147179,0.992683172,-0.492768228
96000,2,1,-0.000176755872,0.993061483,-0.493146539
96000,2,0,0,0,0
96000,2,-1,0.000176818387,0.993412614,-0.493497759
96000,2,-2,0.000367416971,0.993412614,-0.493497759
96000,2,-3,0.000568613119,0.993412614,-0.493497759
96000,2,-4,0.00077635661,0.993412614,-0.493497759
96000,2,-5,0.00100029039,0.993412614,-0.493497759
96000,2,-6,0.00123667531,0.993412614,-0.493497759
96000,2,-7,0.0014807526,0.993412614,-0.493497759
96000,2,-8,0.00174385181,0.993412614,-0.493497759
96000,2,-9,0.00202157977,0.993412614,-0.493497759
96000,2,-10,0.00230834563,0.993412614,-0.493497759
176400,1,10,0.00160867046,0.998663783,-0.498666078
176400,1,9,0.00141804304,0.998593688,-0.498595953
176400,1,8,0.00123735436,0.998515785,-0.49851808
176400,1,7,0.00106726668,0.998428762,-0.498431027
176400,1,6,0.000907849171,0.998330891,-0.498333156
176400,1,5,0.00075301528,0.998219967,-0.498222232
176400,1,4,0.000602831075,0.998093188,-0.498095483
176400,1,3,0.000456737151,0.997946978,-0.497949272
176400,1,2,0.000308651332,0.997776508,-0.497778773
176400,1,1,0.000157226998,0.997575045,-0.49757731
176400,1,0,0,0,0
176400,1,-1,-0.000157177579,0.997261465,-0.49726373
176400,1,-2,-0.000308460934,0.997160912,-0.497163206
176400,1,-3,-0.000456320297,0.997036219,-0.497038513
176400,1,-4,-0.000602105109,0.99689126,-0.496893555
176400,1,-5,-0.000751882908,0.996718824,-0.496721119
176400,1,-6,-0.000906203757,0.996521473,-0.496523768
176400,1,-7,-0.00106499356,0.996302128,-0.496304393
176400,1,-8,-0.00123429985,0.996050835,-0.496053129
176400,1,-9,-0.00141403265,0.99576956,-0.495771855
176400,1,-10,-0.00160351128,0.995461047,-0.495463341
176400,2,10,-0.0012568346,0.993920803,-0.493946016
176400,2,9,-0.00110104191,0.994231284,-0.494256496
176400,2,8,-0.000950066315,0.994532168,-0.494557381
176400,2,7,-0.000806958764,0.994817317,-0.494842589
176400,2,6,-0.000674124458,0.99508208,-0.495107323
176400,2,5,-0.000545409159,0.995338559,-0.495363832
176400,2,4,-0.000423412479,0.995581686,-0.495606959
176400,2,3,-0.000310182804,0.99580735,-0.495832622
176400,2,2,-0.000200472758,0.99602598,-0.496051252
176400,2,1,-9.64970241e-05,0.996233165,-0.496258467
176400,2,0,0,0,0
176400,2,-1,9.65156505e-05,0.996425509,-0.496450782
176400,2,-2,0.000200553171,0.996425509,-0.496450782
176400,2,-3,0.000310375326,0.996425509,-0.496450782
176400,2,-4,0.000423771329,0.996425509,-0.496450782
176400,2,-5,0.000546004798,0.996425509,-0.496450782
176400,2,-6,0.000675034535,0.996425509,-0.496450782
176400,2,-7,0.000808263256,0.996425509,-0.496450782
176400,2,-8,0.000951875001,0.996425509,-0.496450782
176400,2,-9,0.00110347185,0.996425509,-0.496450782
176400,2,-10,0.00126000191,0.996425509,-0.496450782
192000,1,10,0.00147812627,0.998772383,-0.49877432
192000,1,9,0.00130297593,0.99870795,-0.498709887
192000,1,8,0.00113695639,0.998636365,-0.498638332
192000,1,7,0.000980676501,0.998556435,-0.498558342
192000,1,6,0.000834199484,0.998466432,-0.498468369
192000,1,5,0.000691932859,0.998364508,-0.498366416
192000,1,4,0.000553936814,0.998248041,-0.498249948
192000,1,3,0.00041969723,0.998113632,-0.498115569
192000,1,2,0.000283624628,0.997956932,-0.497958869
192000,1,1,0.000144480757,0.9977718,-0.497773707
192000,1,0,0,0,0
192000,1,-1,-0.000144439036,0.997483552,-0.497485489
192000,1,-2,-0.000283463858,0.997391164,-0.497393101
192000,1,-3,-0.000419345219,0.997276545,-0.497278482
192000,1,-4,-0.000553323829,0.997143328,-0.497145236
192000,1,-5,-0.000690976623,0.996984839,-0.496986717
192000,1,-6,-0.000832810008,0.996803403,-0.49680531
192000,1,-7,-0.000978756812,0.996601701,-0.496603638
192000,1,-8,-0.00113437686,0.996370733,-0.49637264
192000,1,-9,-0.00129958917,0.996112168,-0.496114075
192000,1,-10,-0.00147376955,0.99582845,-0.495830387
192000,2,10,-0.00115528656,0.994413853,-0.494435161
192000,2,9,-0.00101205579,0.994699419,-0.494720697
192000,2,8,-0.000873260724,0.994976044,-0.494997382
192000,2,7,-0.000741705182,0.995238304,-0.495259643
192000,2,6,-0.000619598955,0.99548173,-0.495503038
192000,2,5,-0.000501284143,0.995717585,-0.495738924
192000,2,4,-0.000389149616,0.995941103,-0.495962441
192000,2,3,-0.000285077345,0.996148586,-0.496169925
192000,2,2,-0.000184243705,0.996349573,-0.496370912
192000,2,1,-8.86837151e-05,0.99654007,-0.496561408
192000,2,0,0,0,0
192000,2,-1,8.8699453e-05,0.996716857,-0.496738195
192000,2,-2,0.000184311619,0.996716857,-0.496738195
192000,2,-3,0.000285239978,0.996716857,-0.496738195
192000,2,-4,0.000389452733,0.996716857,-0.496738195
192000,2,-5,0.000501787232,0.996716857,-0.496738195
192000,2,-6,0.000620367704,0.996716857,-0.496738195
192000,2,-7,0.000742807053,0.996716857,-0.496738195
192000,2,-8,0.000874788559,0.996716857,-0.496738195
192000,2,-9,0.00101410854,0.996716857,-0.496738195
192000,2,-10,0.00115796225,0.996716857,-0.496738195
