rate_hz,band,band_nominal_hz,level_db,b0,b1,b2,a1_negated,a2_negated
44100,1,400,10,0.0303582642,0,-0.0303582642,1.96871865,-0.971920133
44100,1,400,9,0.0268538427,0,-0.0268538427,1.96726501,-0.970464051
44100,1,400,8,0.0235486049,0,-0.0235486049,1.96565235,-0.968848705
44100,1,400,7,0.020410113,0,-0.020410113,1.963853,-0.967046499
44100,1,400,6,0.0174056944,0,-0.0174056944,1.96183264,-0.965022922
44100,1,400,5,0.0148911681,0,-0.0148911681,1.95854819,-0.961733103
44100,1,400,4,0.0122619504,0,-0.0122619504,1.95489216,-0.958071172
44100,1,400,3,0.00956382509,0,-0.00956382509,1.95046234,-0.953634143
44100,1,400,2,0.00683752354,0,-0.00683752354,1.94402409,-0.947185397
44100,1,400,1,0.0037427363,0,-0.0037427363,1.93550551,-0.938652933
44100,1,400,0,0,0,0,0,0
44100,1,400,-1,-0.00372878066,0,0.00372878066,1.92828834,-0.931424141
44100,1,400,-2,-0.0067910892,0,0.0067910892,1.93082213,-0.933961868
44100,1,400,-3,-0.0094732251,0,0.0094732251,1.93198526,-0.93512696
44100,1,400,-4,-0.0121134156,0,0.0121134156,1.93121183,-0.934352219
44100,1,400,-5,-0.0146726752,0,0.0146726752,1.92981112,-0.932949245
44100,1,400,-6,-0.0171079189,0,0.0171079189,1.92826974,-0.931405425
44100,1,400,-7,-0.0200018734,0,0.0200018734,1.92457223,-0.927701831
44100,1,400,-8,-0.0230068266,0,0.0230068266,1.92042875,-0.923551738
44100,1,400,-9,-0.0261515714,0,0.0261515714,1.91581786,-0.918933332
44100,1,400,-10,-0.0294637941,0,0.0294637941,1.91071272,-0.913819849
44100,2,1000,10,0.0741264001,0,-0.0741264001,1.91186643,-0.931436718
44100,2,1000,9,0.0654998496,0,-0.0654998496,1.90842295,-0.927958131
44100,2,1000,8,0.0573702864,0,-0.0573702864,1.90461159,-0.924107671
44100,2,1000,7,0.0496588498,0,-0.0496588498,1.90036964,-0.919822395
44100,2,1000,6,0.0422866046,0,-0.0422866046,1.89562023,-0.915024221
44100,2,1000,5,0.0360912681,0,-0.0360912681,1.88792837,-0.907253683
44100,2,1000,4,0.0296401419,0,-0.0296401419,1.87940955,-0.898647666
44100,2,1000,3,0.0230441056,0,-0.0230441056,1.86914814,-0.888281167
44100,2,1000,2,0.0163987651,0,-0.0163987651,1.85435045,-0.873332143
44100,2,1000,1,0.00892171916,0,-0.00892171916,1.83498108,-0.853764415
44100,2,1000,0,0,0,0,0,0
44100,2,1000,-1,-0.00884282589,0,0.00884282589,1.81875467,-0.837371945
44100,2,1000,-2,-0.0161341839,0,0.0161341839,1.82443213,-0.843107462
44100,2,1000,-3,-0.0225250367,0,0.0225250367,1.82704544,-0.84574759
44100,2,1000,-4,-0.0287868958,0,0.0287868958,1.82530725,-0.843991518
44100,2,1000,-5,-0.0348340608,0,0.0348340608,1.82216418,-0.840816319
44100,2,1000,-6,-0.0405709967,0,0.0405709967,1.81871295,-0.837329745
44100,2,1000,-7,-0.0473095141,0,0.0473095141,1.81046414,-0.828996539
44100,2,1000,-8,-0.0542575158,0,0.0542575158,1.80127215,-0.819710374
44100,2,1000,-9,-0.0614733547,0,0.0614733547,1.79110587,-0.809440076
44100,2,1000,-10,-0.0690108761,0,0.0690108761,1.77992678,-0.798146605
44100,3,2500,10,0.173384532,0,-0.173384532,1.72415864,-0.839627862
44100,3,2500,9,0.152838096,0,-0.152838096,1.71691275,-0.831896663
44100,3,2500,8,0.133512929,0,-0.133512929,1.70893276,-0.823382318
44100,3,2500,7,0.115226172,0,-0.115226172,1.70010138,-0.813959479
44100,3,2500,6,0.097797215,0,-0.097797215,1.6902746,-0.803474486
44100,3,2500,5,0.0830268636,0,-0.0830268636,1.67449665,-0.786639988
44100,3,2500,4,0.0677884594,0,-0.0677884594,1.65721631,-0.768202245
44100,3,2500,3,0.0523352325,0,-0.0523352325,1.63666677,-0.746276498
44100,3,2500,2,0.0368720256,0,-0.0368720256,1.60753334,-0.715191901
44100,3,2500,1,0.0198019296,0,-0.0198019296,1.57026458,-0.675427318
44100,3,2500,0,0,0,0,0,0
44100,3,2500,-1,-0.0194174275,0,0.0194174275,1.53977406,-0.642894804
44100,3,2500,-2,-0.0355608277,0,0.0355608277,1.55036807,-0.654198289
44100,3,2500,-3,-0.0497324727,0,0.0497324727,1.55527127,-0.659429848
44100,3,2500,-4,-0.0634849146,0,0.0634849146,1.55200815,-0.655948102
44100,3,2500,-5,-0.0766618699,0,0.0766618699,1.54612672,-0.649672806
44100,3,2500,-6,-0.0890849531,0,0.0890849531,1.53969646,-0.642812073
44100,3,2500,-7,-0.103320897,0,0.103320897,1.52444541,-0.626539528
44100,3,2500,-8,-0.117786862,0,0.117786862,1.50764298,-0.608611882
44100,3,2500,-9,-0.132575512,0,0.132575512,1.48929214,-0.589032054
44100,3,2500,-10,-0.147764459,0,0.147764459,1.46938932,-0.56779623
44100,4,6300,10,0.353533328,0,-0.353533328,1.04309785,-0.672999144
44100,4,6300,9,0.310284019,0,-0.310284019,1.03419828,-0.658725321
44100,4,6300,8,0.269759446,0,-0.269759446,1.02448642,-0.643148541
44100,4,6300,7,0.231590196,0,-0.231590196,1.01384544,-0.626081765
44100,4,6300,6,0.195419475,0,-0.195419475,1.00213552,-0.60730058
44100,4,6300,5,0.164373592,0,-0.164373592,0.983615935,-0.577597499
44100,4,6300,4,0.132861793,0,-0.132861793,0.963721156,-0.545688689
44100,4,6300,3,0.101367667,0,-0.101367667,0.940574944,-0.508565128
44100,4,6300,2,0.0702456236,0,-0.0702456236,0.908678114,-0.457406521
44100,4,6300,1,0.0369496867,0,-0.0369496867,0.869368613,-0.394359022
44100,4,6300,0,0,0,0,0,0
44100,4,6300,-1,-0.0356330574,0,0.0356330574,0.83839035,-0.344673753
44100,4,6300,-2,-0.0656350479,0,0.0656350479,0.849036992,-0.361749589
44100,4,6300,-3,-0.0920379907,0,0.0920379907,0.85400635,-0.369719833
44100,4,6300,-4,-0.11727979,0,0.11727979,0.850696146,-0.364410639
44100,4,6300,-5,-0.141169116,0,0.141169116,0.844759762,-0.354889423
44100,4,6300,-6,-0.163473561,0,0.163473561,0.838312864,-0.344549417
44100,4,6300,-7,-0.188041613,0,0.188041613,0.823200285,-0.320310742
44100,4,6300,-8,-0.212449253,0,0.212449253,0.806834996,-0.294062853
44100,4,6300,-9,-0.236806676,0,0.236806676,0.789293289,-0.26592809
44100,4,6300,-10,-0.261192918,0,0.261192918,0.770648122,-0.23602362
44100,5,16000,10,0.594916999,0,-0.594916999,-0.943682909,-0.449731171
44100,5,16000,9,0.519114137,0,-0.519114137,-0.930212736,-0.429037631
44100,5,16000,8,0.448480815,0,-0.448480815,-0.915689826,-0.406726837
44100,5,16000,7,0.382392257,0,-0.382392257,-0.89998579,-0.382601559
44100,5,16000,6,0.320259988,0,-0.320259988,-0.882950366,-0.356430978
44100,5,16000,5,0.266237825,0,-0.266237825,-0.856521547,-0.315829664
44100,5,16000,4,0.212533832,0,-0.212533832,-0.828808725,-0.273255944
44100,5,16000,3,0.159851655,0,-0.159851655,-0.797418118,-0.225032181
44100,5,16000,2,0.10864801,0,-0.10864801,-0.755592406,-0.160777524
44100,5,16000,1,0.0558292679,0,-0.0558292679,-0.706203878,-0.0849044994
44100,5,16000,0,0,0,0,0,0
44100,5,16000,-1,-0.0528771766,0,0.0528771766,-0.668861866,-0.0275378134
44100,5,16000,-2,-0.0980004594,0,0.0980004594,-0.681544006,-0.0470207892
44100,5,16000,-3,-0.13782078,0,0.13782078,-0.687517345,-0.0561972894
44100,5,16000,-4,-0.175280735,0,0.175280735,-0.683534503,-0.0500786975
44100,5,16000,-5,-0.210258946,0,0.210258946,-0.676430225,-0.0391646996
44100,5,16000,-6,-0.242573425,0,0.242573425,-0.668770075,-0.0273968559
44100,5,16000,-7,-0.276616305,0,0.276616305,-0.651035011,-0.000151397384
44100,5,16000,-8,-0.309621513,0,0.309621513,-0.632172525,0.0288260356
44100,5,16000,-9,-0.341721594,0,0.341721594,-0.612338901,0.059295401
44100,5,16000,-10,-0.373008132,0,0.373008132,-0.59168148,0.091030322
48000,1,400,10,0.0279258359,0,-0.0279258359,1.97146451,-0.97416997
48000,1,400,9,0.0247036628,0,-0.0247036628,1.97012532,-0.972828984
48000,1,400,8,0.0216644965,0,-0.0216644965,1.96863949,-0.971341133
48000,1,400,7,0.0187784899,0,-0.0187784899,1.96698153,-0.969680846
48000,1,400,6,0.0160155669,0,-0.0160155669,1.9651196,-0.967816412
48000,1,400,5,0.0137036992,0,-0.0137036992,1.96209204,-0.964784622
48000,1,400,4,0.0112858228,0,-0.0112858228,1.95872092,-0.961408913
48000,1,400,3,0.00880407356,0,-0.00880407356,1.95463502,-0.957317472
48000,1,400,2,0.00629600091,0,-0.00629600091,1.94869387,-0.951368213
48000,1,400,1,0.0034475131,0,-0.0034475131,1.94082844,-0.943491936
48000,1,400,0,0,0,0,0,0
48000,1,400,-1,-0.00343566854,0,0.00343566854,1.93416035,-0.936814725
48000,1,400,-2,-0.00625660922,0,0.00625660922,1.93650174,-0.939159274
48000,1,400,-3,-0.00872723851,0,0.00872723851,1.93757653,-0.940235496
48000,1,400,-4,-0.0111598754,0,0.0111598754,1.93686175,-0.939519882
48000,1,400,-5,-0.0135184461,0,0.0135184461,1.9355675,-0.938223779
48000,1,400,-6,-0.0157631114,0,0.0157631114,1.93414319,-0.9367975
48000,1,400,-7,-0.0184323583,0,0.0184323583,1.93072546,-0.933375001
48000,1,400,-8,-0.0212050993,0,0.0212050993,1.92689431,-0.929538608
48000,1,400,-9,-0.0241081044,0,0.0241081044,1.92262936,-0.925267816
48000,1,400,-10,-0.0271671694,0,0.0271671694,1.91790533,-0.920537353
48000,2,1000,10,0.0683287904,0,-0.0683287904,1.92022967,-0.936799228
48000,2,1000,9,0.0603854507,0,-0.0603854507,1.9170413,-0.933583379
48000,2,1000,8,0.0528989136,0,-0.0528989136,1.91351104,-0.930022657
48000,2,1000,7,0.0457964465,0,-0.0457964465,1.90958083,-0.926058531
48000,2,1000,6,0.0390051864,0,-0.0390051864,1.90517855,-0.921618283
48000,2,1000,5,0.033301089,0,-0.033301089,1.89804566,-0.914423823
48000,2,1000,4,0.0273582395,0,-0.0273582395,1.89014053,-0.90645045
48000,2,1000,3,0.0212789569,0,-0.0212789569,1.88061094,-0.896838665
48000,2,1000,2,0.0151518267,0,-0.0151518267,1.86685479,-0.882963777
48000,2,1000,1,0.00824987702,0,-0.00824987702,1.84882307,-0.864776552
48000,2,1000,0,0,0,0,0,0
48000,2,1000,-1,-0.00818237383,0,0.00818237383,1.83369541,-0.849518299
48000,2,1000,-2,-0.0149256764,0,0.0149256764,1.83899069,-0.854859233
48000,2,1000,-3,-0.0208355952,0,0.0208355952,1.84142733,-0.857316911
48000,2,1000,-4,-0.0266296975,0,0.0266296975,1.83980668,-0.855682254
48000,2,1000,-5,-0.0322278664,0,0.0322278664,1.83687568,-0.852726042
48000,2,1000,-6,-0.0375408977,0,0.0375408977,1.83365655,-0.84947902
48000,2,1000,-7,-0.0437909737,0,0.0437909737,1.82595837,-0.841714501
48000,2,1000,-8,-0.0502412058,0,0.0502412058,1.81737387,-0.833055973
48000,2,1000,-9,-0.0569466986,0,0.0569466986,1.80787206,-0.823472142
48000,2,1000,-10,-0.0639585778,0,0.0639585778,1.79741454,-0.812924325
48000,3,2500,10,0.160835624,0,-0.160835624,1.75299025,-0.851234972
48000,3,2500,9,0.141819388,0,-0.141819388,1.74615419,-0.844015896
48000,3,2500,8,0.123928972,0,-0.123928972,1.738621,-0.836060464
48000,3,2500,7,0.106994577,0,-0.106994577,1.73027802,-0.827249944
48000,3,2500,6,0.0908482447,0,-0.0908482447,1.72098744,-0.817438602
48000,3,2500,5,0.07717859,0,-0.07717859,1.70605445,-0.801668704
48000,3,2500,4,0.0630593896,0,-0.0630593896,1.68967652,-0.784372985
48000,3,2500,3,0.0487263612,0,-0.0487263612,1.67016935,-0.763772488
48000,3,2500,2,0.0343716405,0,-0.0343716405,1.64245546,-0.734505475
48000,3,2500,1,0.0184881762,0,-0.0184881762,1.60690355,-0.696960986
48000,3,2500,0,0,0,0,0,0
48000,3,2500,-1,-0.0181525685,0,0.0181525685,1.57773411,-0.666156769
48000,3,2500,-2,-0.0332294889,0,0.0332294889,1.58787751,-0.676868737
48000,3,2500,-3,-0.0464624204,0,0.0464624204,1.59256923,-0.681823313
48000,3,2500,-4,-0.0593187846,0,0.0593187846,1.58944702,-0.678526163
48000,3,2500,-5,-0.0716488287,0,0.0716488287,1.5838176,-0.672581255
48000,3,2500,-6,-0.0832822025,0,0.0832822025,1.57765985,-0.666078329
48000,3,2500,-7,-0.0966532156,0,0.0966532156,1.56304109,-0.650640368
48000,3,2500,-8,-0.110264063,0,0.110264063,1.54691362,-0.633608997
48000,3,2500,-9,-0.124204747,0,0.124204747,1.52927363,-0.6149804
48000,3,2500,-10,-0.138551593,0,0.138551593,1.51011062,-0.594743431
48000,4,6300,10,0.335382551,0,-0.335382551,1.14702916,-0.689787686
48000,4,6300,9,0.294482708,0,-0.294482708,1.13774121,-0.676104844
48000,4,6300,8,0.256144345,0,-0.256144345,1.12759614,-0.661159277
48000,4,6300,7,0.220016897,0,-0.220016897,1.1164695,-0.644767642
48000,4,6300,6,0.18576096,0,-0.18576096,1.10421169,-0.626709521
48000,4,6300,5,0.156392351,0,-0.156392351,1.08479655,-0.598107457
48000,4,6300,4,0.126534894,0,-0.126534894,1.06390011,-0.567323089
48000,4,6300,3,0.0966510624,0,-0.0966510624,1.03953683,-0.531431437
48000,4,6300,2,0.0670829639,0,-0.0670829639,1.00587106,-0.481835604
48000,4,6300,1,0.0353549719,0,-0.0353549719,0.964235067,-0.420497984
48000,4,6300,0,0,0,0,0,0
48000,4,6300,-1,-0.0341476798,0,0.0341476798,0.931308687,-0.371991277
48000,4,6300,-2,-0.0628657416,0,0.0628657416,0.942636251,-0.388678908
48000,4,6300,-3,-0.0881329253,0,0.0881329253,0.947919369,-0.396461904
48000,4,6300,-4,-0.112322211,0,0.112322211,0.944400489,-0.391277879
48000,4,6300,-5,-0.135241598,0,0.135241598,0.938086927,-0.381976843
48000,4,6300,-6,-0.156659707,0,0.156659707,0.931226194,-0.371869713
48000,4,6300,-7,-0.180339217,0,0.180339217,0.915126264,-0.348151565
48000,4,6300,-8,-0.203913152,0,0.203913152,0.897664487,-0.322427064
48000,4,6300,-9,-0.227490634,0,0.227490634,0.878915727,-0.294806689
48000,4,6300,-10,-0.251150906,0,0.251150906,0.858951747,-0.265395969
48000,5,16000,10,0.653374314,0,-0.653374314,-0.697830498,-0.395661026
48000,5,16000,9,0.569324434,0,-0.569324434,-0.686906219,-0.373812407
48000,5,16000,8,0.491117626,0,-0.491117626,-0.675162375,-0.35032472
48000,5,16000,7,0.418064445,0,-0.418064445,-0.662503183,-0.325006366
48000,5,16000,6,0.349518865,0,-0.349518865,-0.648817301,-0.297634661
48000,5,16000,5,0.289768875,0,-0.289768875,-0.627680182,-0.255360305
48000,5,16000,4,0.230658695,0,-0.230658695,-0.605639637,-0.211279243
48000,5,16000,3,0.172925264,0,-0.172925264,-0.580825388,-0.161650777
48000,5,16000,2,0.117031842,0,-0.117031842,-0.548009455,-0.0960188732
48000,5,16000,1,0.0598355383,0,-0.0598355383,-0.509618938,-0.0192378853
48000,5,16000,0,0,0,0,0,0
48000,5,16000,-1,-0.0564573817,0,0.0564573817,-0.48084718,0.0383056141
48000,5,16000,-2,-0.10477037,0,0.10477037,-0.490594268,0.0188114345
48000,5,16000,-3,-0.147430763,0,0.147430763,-0.495193869,0.00961228926
48000,5,16000,-4,-0.187427029,0,0.187427029,-0.492126375,0.0157472175
48000,5,16000,-5,-0.224667281,0,0.224667281,-0.486660957,0.0266780686
48000,5,16000,-6,-0.258995175,0,0.258995175,-0.480776757,0.0384464711
48000,5,16000,-7,-0.294813424,0,0.294813424,-0.467188358,0.0656233057
48000,5,16000,-8,-0.329362094,0,0.329362094,-0.452789456,0.0944210589
48000,5,16000,-9,-0.362783134,0,0.362783134,-0.437708229,0.124583557
48000,5,16000,-10,-0.395176291,0,0.395176291,-0.422064453,0.155871093
88200,1,400,10,0.0152926072,0,-0.0152926072,1.98504889,-0.985855103
88200,1,400,9,0.0135322548,0,-0.0135322548,1.98431027,-0.985116184
88200,1,400,8,0.0118714999,0,-0.0118714999,1.98349023,-0.984295785
88200,1,400,7,0.0102939717,0,-0.0102939717,1.98257446,-0.983379662
88200,1,400,6,0.00878315326,0,-0.00878315326,1.98154533,-0.982350051
88200,1,400,5,0.00752052572,0,-0.00752052572,1.97986984,-0.980673969
88200,1,400,4,0.00619841181,0,-0.00619841181,1.97800171,-0.978805006
88200,1,400,3,0.00483993394,0,-0.00483993394,1.9757334,-0.976535797
88200,1,400,2,0.00346589414,0,-0.00346589414,1.97242761,-0.973228633
88200,1,400,1,0.00190127583,0,-0.00190127583,1.96803701,-0.968836248
88200,1,400,0,0,0,0,0,0
88200,1,400,-1,-0.00189766777,0,0.00189766777,1.9643023,-0.96510005
88200,1,400,-2,-0.00345392316,0,0.00345392316,1.96561503,-0.96641326
88200,1,400,-3,-0.00481662154,0,0.00481662154,1.96621704,-0.967015564
88200,1,400,-4,-0.00616022805,0,0.00616022805,1.96581674,-0.966615081
88200,1,400,-5,-0.00746438932,0,0.00746438932,1.96509135,-0.965889454
88200,1,400,-6,-0.0087066805,0,0.0087066805,1.96429265,-0.965090394
88200,1,400,-7,-0.0101890862,0,0.0101890862,1.96237385,-0.963170826
88200,1,400,-8,-0.0117322206,0,0.0117322206,1.9602195,-0.961015582
88200,1,400,-9,-0.0133515783,0,0.0133515783,1.9578166,-0.958611727
88200,1,400,-10,-0.015062266,0,0.015062266,1.95514965,-0.955943644
88200,2,1000,10,0.0378037877,0,-0.0378037877,1.96004939,-0.965033352
88200,2,1000,9,0.0334338285,0,-0.0334338285,1.95824742,-0.963226855
88200,2,1000,8,0.0293128248,0,-0.0293128248,1.95624924,-0.961223483
88200,2,1000,7,0.025400402,0,-0.025400402,1.95402062,-0.958989322
88200,2,1000,6,0.0216559544,0,-0.0216559544,1.95151961,-0.956481934
88200,2,1000,5,0.0185198393,0,-0.0185198393,1.94745624,-0.952408254
88200,2,1000,4,0.0152430022,0,-0.0152430022,1.94293725,-0.947877645
88200,2,1000,3,0.0118823787,0,-0.0118823787,1.9374671,-0.94239372
88200,2,1000,2,0.00848834869,0,-0.00848834869,1.92952764,-0.934434056
88200,2,1000,1,0.00464145746,0,-0.00464145746,1.91904235,-0.923922062
88200,2,1000,0,0,0,0,0,0
88200,2,1000,-1,-0.00462001376,0,0.00462001376,1.91017628,-0.915033519
88200,2,1000,-2,-0.00841690321,0,0.00841690321,1.91328704,-0.918152094
88200,2,1000,-3,-0.0117428461,0,0.0117428461,1.91471565,-0.919584453
88200,2,1000,-4,-0.0150141409,0,0.0150141409,1.91376555,-0.918631971
88200,2,1000,-5,-0.0181830917,0,0.0181830917,1.91204548,-0.91690743
88200,2,1000,-6,-0.0211969148,0,0.0211969148,1.91015339,-0.915010512
88200,2,1000,-7,-0.0247712042,0,0.0247712042,1.90561724,-0.910462797
88200,2,1000,-8,-0.0284780525,0,0.0284780525,1.90053904,-0.905371666
88200,2,1000,-9,-0.0323521718,0,0.0323521718,1.89489388,-0.899712205
88200,2,1000,-10,-0.0364267193,0,0.0364267193,1.88865125,-0.893453658
88200,3,2500,10,0.0917030796,0,-0.0917030796,1.88488674,-0.915179193
88200,3,2500,9,0.0809964314,0,-0.0809964314,1.88068879,-0.910913765
88200,3,2500,8,0.0709099919,0,-0.0709099919,1.8760463,-0.906196654
88200,3,2500,7,0.0613463707,0,-0.0613463707,1.87088466,-0.900952101
88200,3,2500,6,0.0522083119,0,-0.0522083119,1.86511171,-0.895086348
88200,3,2500,5,0.0445169769,0,-0.0445169769,1.85577703,-0.885601521
88200,3,2500,4,0.0365213305,0,-0.0365213305,1.84545922,-0.875117958
88200,3,2500,3,0.0283580273,0,-0.0283580273,1.83305955,-0.862519026
88200,3,2500,2,0.0201435108,0,-0.0201435108,1.81523383,-0.844406843
88200,3,2500,1,0.0109329633,0,-0.0109329633,1.79199862,-0.820798218
88200,3,2500,0,0,0,0,0,0
88200,3,2500,-1,-0.0108147264,0,0.0108147264,1.77261865,-0.801106751
88200,3,2500,-2,-0.0197457615,0,0.0197457615,1.77939069,-0.80798763
88200,3,2500,-3,-0.0275760256,0,0.0275760256,1.78251112,-0.81115818
88200,3,2500,-4,-0.0352345183,0,0.0352345183,1.78043532,-0.80904907
88200,3,2500,-5,-0.0426196791,0,0.0426196791,1.7766844,-0.80523783
88200,3,2500,-6,-0.0496178456,0,0.0496178456,1.77256894,-0.801056206
88200,3,2500,-7,-0.0578005165,0,0.0578005165,1.76274657,-0.791076064
88200,3,2500,-8,-0.0662147105,0,0.0662147105,1.7518245,-0.779978395
88200,3,2500,-9,-0.0749275684,0,0.0749275684,1.73977339,-0.767733634
88200,3,2500,-10,-0.0840000212,0,0.0840000212,1.72655618,-0.754304111
88200,4,6300,10,0.21159263,0,-0.21159263,1.62560666,-0.804287255
88200,4,6300,9,0.186345875,0,-0.186345875,1.61727715,-0.795042217
88200,4,6300,8,0.162618205,0,-0.162618205,1.60812175,-0.7848804
88200,4,6300,7,0.140187085,0,-0.140187085,1.59801102,-0.773658395
88200,4,6300,6,0.11883378,0,-0.11883378,1.58678734,-0.761201084
88200,4,6300,5,0.100684099,0,-0.100684099,1.56882548,-0.74126488
88200,4,6300,4,0.0820249468,0,-0.0820249468,1.54923546,-0.719521642
88200,4,6300,3,0.06316185,0,-0.06316185,1.52605081,-0.693788588
88200,4,6300,2,0.0443364978,0,-0.0443364978,1.4933871,-0.657534599
88200,4,6300,1,0.0236994531,0,-0.0236994531,1.45195019,-0.611543119
88200,4,6300,0,0,0,0,0,0
88200,4,6300,-1,-0.0231507923,0,0.0231507923,1.41833639,-0.574234605
88200,4,6300,-2,-0.0424542241,0,0.0424542241,1.42998648,-0.587165296
88200,4,6300,-3,-0.0594094396,0,0.0594094396,1.43538904,-0.593161583
88200,4,6300,-4,-0.0758068934,0,0.0758068934,1.43179274,-0.589170039
88200,4,6300,-5,-0.0914741158,0,0.0914741158,1.42531848,-0.581984222
88200,4,6300,-6,-0.106212176,0,0.106212176,1.41825116,-0.574140072
88200,4,6300,-7,-0.122950941,0,0.122950941,1.40153396,-0.555585384
88200,4,6300,-8,-0.139872417,0,0.139872417,1.3831898,-0.535224855
88200,4,6300,-9,-0.157075509,0,0.157075509,1.36324251,-0.513085067
88200,4,6300,-10,-0.174640074,0,0.174640074,1.34171057,-0.489186406
88200,5,16000,10,0.400228649,0,-0.400228649,0.680885017,-0.629808247
88200,5,16000,9,0.350871503,0,-0.350871503,0.67431587,-0.614084065
88200,5,16000,8,0.304671764,0,-0.304671764,0.667163968,-0.596964777
88200,5,16000,7,0.261211514,0,-0.261211514,0.659348071,-0.57825613
88200,5,16000,6,0.220089272,0,-0.220089272,0.650771201,-0.557726085
88200,5,16000,5,0.184693277,0,-0.184693277,0.637258232,-0.525380552
88200,5,16000,4,0.148913696,0,-0.148913696,0.622811675,-0.490800411
88200,5,16000,3,0.113285832,0,-0.113285832,0.606094599,-0.450785369
88200,5,16000,2,0.0781928822,0,-0.0781928822,0.583215296,-0.396020025
88200,5,16000,1,0.0409296826,0,-0.0409296826,0.555267751,-0.32912305
88200,5,16000,0,0,0,0,0,0
88200,5,16000,-1,-0.0393203162,0,0.0393203162,0.533434391,-0.276861519
88200,5,16000,-2,-0.0725221634,0,0.0725221634,0.540919244,-0.294777632
88200,5,16000,-3,-0.101758078,0,0.101758078,0.544419587,-0.303156227
88200,5,16000,-4,-0.129612595,0,0.129612595,0.542087436,-0.297573894
88200,5,16000,-5,-0.155899659,0,0.155899659,0.537909865,-0.287574232
88200,5,16000,-6,-0.18038784,0,0.18038784,0.533380032,-0.276731253
88200,5,16000,-7,-0.207111582,0,0.207111582,0.522789419,-0.25138101
88200,5,16000,-8,-0.233523682,0,0.233523682,0.511365354,-0.224035665
88200,5,16000,-9,-0.259737134,0,0.259737134,0.499170989,-0.194846481
88200,5,16000,-10,-0.285830945,0,0.285830945,0.486267,-0.163958669
96000,1,400,10,0.0140584558,0,-0.0140584558,1.98631573,-0.986996591
96000,1,400,9,0.0124405418,0,-0.0124405418,1.98563635,-0.986316919
96000,1,400,8,0.010914132,0,-0.010914132,1.98488176,-0.985562205
96000,1,400,7,0.00946417544,0,-0.00946417544,1.98403931,-0.984719455
96000,1,400,6,0.00807548128,0,-0.00807548128,1.98309243,-0.983772159
96000,1,400,5,0.00691505661,0,-0.00691505661,1.98155057,-0.982229888
96000,1,400,4,0.00569981756,0,-0.00569981756,1.97983122,-0.980509877
96000,1,400,3,0.00445102481,0,-0.00445102481,1.97774327,-0.978421211
96000,1,400,2,0.00318782357,0,-0.00318782357,1.97469962,-0.975376487
96000,1,400,1,0.00174904778,0,-0.00174904778,1.97065592,-0.971331418
96000,1,400,0,0,0,0,0,0
96000,1,400,-1,-0.00174599397,0,0.00174599397,1.96721506,-0.967889488
96000,1,400,-2,-0.00317769381,0,0.00317769381,1.96842456,-0.969099343
96000,1,400,-3,-0.00443130126,0,0.00443130126,1.96897936,-0.969654262
96000,1,400,-4,-0.0056675137,0,0.0056675137,1.96861053,-0.969285309
96000,1,400,-5,-0.00686756661,0,0.00686756661,1.96794224,-0.968616784
96000,1,400,-6,-0.00801078975,0,0.00801078975,1.96720624,-0.967880547
96000,1,400,-7,-0.00937544461,0,0.00937544461,1.96543813,-0.966111839
96000,1,400,-8,-0.0107963001,0,0.0107963001,1.96345246,-0.964125514
96000,1,400,-9,-0.0122876773,0,0.0122876773,1.96123743,-0.961909711
96000,1,400,-10,-0.0138635561,0,0.0138635561,1.95877826,-0.959449768
96000,2,1000,10,0.0347861499,0,-0.0347861499,1.96361125,-0.967824519
96000,2,1000,9,0.0307672787,0,-0.0307672787,1.96194994,-0.966159761
96000,2,1000,8,0.0269771423,0,-0.0269771423,1.96010745,-0.964313269
96000,2,1000,7,0.0233785901,0,-0.0233785901,1.95805228,-0.96225369
96000,2,1000,6,0.0199342221,0,-0.0199342221,1.95574546,-0.959941745
96000,2,1000,5,0.0170502625,0,-0.0170502625,1.95199645,-0.956184745
96000,2,1000,4,0.0140360324,0,-0.0140360324,1.94782543,-0.95200479
96000,2,1000,3,0.0109439492,0,-0.0109439492,1.94277465,-0.946943283
96000,2,1000,2,0.0078204982,0,-0.0078204982,1.93543983,-0.939592659
96000,2,1000,1,0.00427810429,0,-0.00427810429,1.92574573,-0.929877758
96000,2,1000,0,0,0,0,0,0
96000,2,1000,-1,-0.0042598797,0,0.0042598797,1.91754234,-0.921656728
96000,2,1000,-2,-0.00775981322,0,0.00775981322,1.92042124,-0.924541771
96000,2,1000,-3,-0.0108254757,0,0.0108254757,1.92174315,-0.925866663
96000,2,1000,-4,-0.0138417492,0,0.0138417492,1.92086411,-0.924985647
96000,2,1000,-5,-0.0167644247,0,0.0167644247,1.9192723,-0.923390388
96000,2,1000,-6,-0.0195446145,0,0.0195446145,1.91752112,-0.921635449
96000,2,1000,-7,-0.0228445176,0,0.0228445176,1.91332161,-0.917426944
96000,2,1000,-8,-0.0262684934,0,0.0262684934,1.90861845,-0.912713706
96000,2,1000,-9,-0.029848909,0,0.029848909,1.90338802,-0.907472014
96000,2,1000,-10,-0.0336167514,0,0.0336167514,1.89760101,-0.901672661
96000,3,2500,10,0.084610641,0,-0.084610641,1.89607131,-0.92173934
96000,3,2500,9,0.0747449324,0,-0.0747449324,1.89217436,-0.917789698
96000,3,2500,8,0.0654494539,0,-0.0654494539,1.88786316,-0.913420141
96000,3,2500,7,0.056634292,0,-0.056634292,1.88306808,-0.908560038
96000,3,2500,6,0.0482095629,0,-0.0482095629,1.87770247,-0.903121889
96000,3,2500,5,0.0411230922,0,-0.0411230922,1.86902118,-0.894323051
96000,3,2500,4,0.0337513238,0,-0.0337513238,1.85941803,-0.884589791
96000,3,2500,3,0.0262205377,0,-0.0262205377,1.84786618,-0.872881711
96000,3,2500,2,0.0186388548,0,-0.0186388548,1.83123875,-0.856029153
96000,3,2500,1,0.0101259872,0,-0.0101259872,1.80952895,-0.834025323
96000,3,2500,0,0,0,0,0,0
96000,3,2500,-1,-0.0100244787,0,0.0100244787,1.79138935,-0.815640152
96000,3,2500,-2,-0.0182978045,0,0.0182978045,1.79773116,-0.822067916
96000,3,2500,-3,-0.0255505871,0,0.0255505871,1.80065215,-0.825028479
96000,3,2500,-4,-0.0326493643,0,0.0326493643,1.79870915,-0.823059142
96000,3,2500,-5,-0.0394987799,0,0.0394987799,1.79519725,-0.819499612
96000,3,2500,-6,-0.0459922962,0,0.0459922962,1.79134274,-0.815592945
96000,3,2500,-7,-0.0535987653,0,0.0535987653,1.78213787,-0.806263626
96000,3,2500,-8,-0.0614289604,0,0.0614289604,1.77189374,-0.795880735
96000,3,2500,-9,-0.0695466697,0,0.0695466697,1.76057994,-0.784413755
96000,3,2500,-10,-0.0780101493,0,0.0780101493,1.74815845,-0.771824181
96000,4,6300,10,0.196905181,0,-0.196905181,1.6655128,-0.817872465
96000,4,6300,9,0.173472598,0,-0.173472598,1.65756845,-0.809201241
96000,4,6300,8,0.151443332,0,-0.151443332,1.64882958,-0.799663067
96000,4,6300,7,0.130610064,0,-0.130610064,1.63917124,-0.789121091
96000,4,6300,6,0.110768683,0,-0.110768683,1.6284399,-0.777408063
96000,4,6300,5,0.0939229652,0,-0.0939229652,1.61124432,-0.758639455
96000,4,6300,4,0.0765810162,0,-0.0765810162,1.59245992,-0.738136768
96000,4,6300,3,0.0590284765,0,-0.0590284765,1.57018805,-0.713827372
96000,4,6300,2,0.0414931923,0,-0.0414931923,1.53873491,-0.679496944
96000,4,6300,1,0.0222191438,0,-0.0222191438,1.49870646,-0.635806859
96000,4,6300,0,0,0,0,0,0
96000,4,6300,-1,-0.0217361841,0,0.0217361841,1.46613038,-0.600250661
96000,4,6300,-2,-0.0398401022,0,0.0398401022,1.47743154,-0.612585604
96000,4,6300,-3,-0.0557383299,0,0.0557383299,1.48266828,-0.618301511
96000,4,6300,-4,-0.0711335391,0,0.0711335391,1.4791826,-0.614496946
96000,4,6300,-5,-0.0858588442,0,0.0858588442,1.47290468,-0.607644737
96000,4,6300,-6,-0.0997225493,0,0.0997225493,1.46604764,-0.60016042
96000,4,6300,-7,-0.115521759,0,0.115521759,1.44981134,-0.582438707
96000,4,6300,-8,-0.131524786,0,0.131524786,1.43196774,-0.56296277
96000,4,6300,-9,-0.147828415,0,0.147828415,1.41253269,-0.541749895
96000,4,6300,-10,-0.164511934,0,0.164511934,1.39151609,-0.518810749
96000,5,16000,10,0.384828925,0,-0.384828925,0.822026134,-0.644052267
96000,5,16000,9,0.337496191,0,-0.337496191,0.814397633,-0.628795266
96000,5,16000,8,0.293176144,0,-0.293176144,0.806085885,-0.612171769
96000,5,16000,7,0.251466841,0,-0.251466841,0.796994805,-0.593989551
96000,5,16000,6,0.211981565,0,-0.211981565,0.787009358,-0.574018717
96000,5,16000,5,0.178025678,0,-0.178025678,0.771257341,-0.542514741
96000,5,16000,4,0.143655345,0,-0.143655345,0.754390478,-0.508780956
96000,5,16000,3,0.109389231,0,-0.109389231,0.734838128,-0.469676256
96000,5,16000,2,0.0756015033,0,-0.0756015033,0.708018184,-0.416036427
96000,5,16000,1,0.0396361873,0,-0.0396361873,0.675162375,-0.35032472
96000,5,16000,0,0,0,0,0,0
96000,5,16000,-1,-0.0381250568,0,0.0381250568,0.649421751,-0.298843503
96000,5,16000,-2,-0.0702876523,0,0.0702876523,0.658253253,-0.316506565
96000,5,16000,-3,-0.098603107,0,0.098603107,0.662380815,-0.324761599
96000,5,16000,-4,-0.125610694,0,0.125610694,0.659630954,-0.319261938
96000,5,16000,-5,-0.151122063,0,0.151122063,0.654703379,-0.309406728
96000,5,16000,-6,-0.174904957,0,0.174904957,0.649357498,-0.298715025
96000,5,16000,-7,-0.200937673,0,0.200937673,0.636848509,-0.273696989
96000,5,16000,-8,-0.226710126,0,0.226710126,0.623338044,-0.246676087
96000,5,16000,-9,-0.252334327,0,0.252334327,0.60889715,-0.217794299
96000,5,16000,-10,-0.277889162,0,0.277889162,0.593593955,-0.187187955
176400,1,400,10,0.0076742149,0,-0.0076742149,1.9926995,-0.992901742
176400,1,400,9,0.00679208478,0,-0.00679208478,1.99232733,-0.992529511
176400,1,400,8,0.00595974829,0,-0.00595974829,1.99191403,-0.992116153
176400,1,400,7,0.00516898418,0,-0.00516898418,1.99145222,-0.991654336
176400,1,400,6,0.00441148598,0,-0.00441148598,1.99093294,-0.991135001
176400,1,400,5,0.00377890049,0,-0.00377890049,1.99008715,-0.990289092
176400,1,400,4,0.00311603001,0,-0.00311603001,1.98914313,-0.989344954
176400,1,400,3,0.00243449211,0,-0.00243449211,1.98799574,-0.988197505
176400,1,400,2,0.00174479955,0,-0.00174479955,1.98632109,-0.986522734
176400,1,400,1,0.000958198914,0,-0.000958198914,1.98409283,-0.984294176
176400,1,400,0,0,0,0,0,0
176400,1,400,-1,-0.00095728162,0,0.00095728162,1.98219347,-0.982394695
176400,1,400,-2,-0.00174176041,0,0.00174176041,1.9828614,-0.983062744
176400,1,400,-3,-0.00242857961,0,0.00242857961,1.98316765,-0.983368993
176400,1,400,-4,-0.00310635031,0,0.00310635031,1.98296416,-0.983165383
176400,1,400,-5,-0.00376467407,0,0.00376467407,1.98259509,-0.982796311
176400,1,400,-6,-0.00439211028,0,0.00439211028,1.98218846,-0.982389748
176400,1,400,-7,-0.00514240284,0,0.00514240284,1.9812113,-0.981412411
176400,1,400,-8,-0.00592443999,0,0.00592443999,1.98011303,-0.980313957
176400,1,400,-9,-0.00674626371,0,0.00674626371,1.97888649,-0.979087412
176400,1,400,-10,-0.00761576975,0,0.00761576975,1.97752345,-0.977724254
176400,2,1000,10,0.0190805793,0,-0.0190805793,1.981094,-0.982351422
176400,2,1000,9,0.0168826338,0,-0.0168826338,1.98017442,-0.981431186
176400,2,1000,8,0.0148091847,0,-0.0148091847,1.97915351,-0.980409682
176400,2,1000,7,0.0128398212,0,-0.0128398212,1.97801375,-0.979269207
176400,2,1000,6,0.010953947,0,-0.010953947,1.97673321,-0.977987826
176400,2,1000,5,0.00937729701,0,-0.00937729701,1.97464919,-0.975902498
176400,2,1000,4,0.00772696128,0,-0.00772696128,1.9723264,-0.973578215
176400,2,1000,3,0.00603177212,0,-0.00603177212,1.96950769,-0.970757723
176400,2,1000,2,0.00431759469,0,-0.00431759469,1.96540248,-0.96664989
176400,2,1000,1,0.00236719591,0,-0.00236719591,1.95995545,-0.961199403
176400,2,1000,0,0,0,0,0,0
176400,2,1000,-1,-0.00236160564,0,0.00236160564,1.9553268,-0.956567824
176400,2,1000,-2,-0.00429903343,0,0.00429903343,1.95695305,-0.95819521
176400,2,1000,-3,-0.00599560793,0,0.00599560793,1.9576993,-0.958941817
176400,2,1000,-4,-0.00766771287,0,0.00766771287,1.95720315,-0.95844537
176400,2,1000,-5,-0.00929018017,0,0.00929018017,1.95630443,-0.957545996
176400,2,1000,-6,-0.0108352592,0,0.0108352592,1.95531476,-0.956555784
176400,2,1000,-7,-0.0126770502,0,0.0126770502,1.95293844,-0.954177916
176400,2,1000,-8,-0.0145930741,0,0.0145930741,1.95027161,-0.951509416
176400,2,1000,-9,-0.0166023411,0,0.0166023411,1.94729877,-0.948534787
176400,2,1000,-10,-0.0187233277,0,0.0187233277,1.94400144,-0.945235193
176400,3,2500,10,0.0470271856,0,-0.0470271856,1.94875026,-0.956502199
176400,3,2500,9,0.0415817201,0,-0.0415817201,1.94652224,-0.954265177
176400,3,2500,8,0.0364473499,0,-0.0364473499,1.94405246,-0.951785624
176400,3,2500,7,0.0315739214,0,-0.0315739214,1.94129956,-0.949021757
176400,3,2500,6,0.0269110203,0,-0.0269110203,1.9382118,-0.945921779
176400,3,2500,5,0.0230022687,0,-0.0230022687,1.93319941,-0.940889418
176400,3,2500,4,0.0189216975,0,-0.0189216975,1.92763078,-0.935298622
176400,3,2500,3,0.0147400182,0,-0.0147400182,1.92089868,-0.928539753
176400,3,2500,2,0.010519377,0,-0.010519377,1.91114354,-0.918745875
176400,3,2500,1,0.00574456155,0,-0.00574456155,1.89829004,-0.905841112
176400,3,2500,0,0,0,0,0,0
176400,3,2500,-1,-0.00571175013,0,0.00571175013,1.88744736,-0.894955397
176400,3,2500,-2,-0.010409872,0,0.010409872,1.89124894,-0.898772001
176400,3,2500,-3,-0.0145259062,0,0.0145259062,1.89299595,-0.900525987
176400,3,2500,-4,-0.0185703151,0,0.0185703151,1.89183414,-0.899359524
176400,3,2500,-5,-0.0224850625,0,0.0224850625,1.88973129,-0.897248387
176400,3,2500,-6,-0.0262057949,0,0.0262057949,1.88741934,-0.894927323
176400,3,2500,-7,-0.0306075215,0,0.0306075215,1.88188124,-0.889367044
176400,3,2500,-8,-0.0351656564,0,0.0351656564,1.87568855,-0.883149743
176400,3,2500,-9,-0.0399217047,0,0.0399217047,1.86881375,-0.876247585
176400,3,2500,-10,-0.0449149646,0,0.0449149646,1.86122227,-0.868625939
176400,4,6300,10,0.113949001,0,-0.113949001,1.84710121,-0.894602776
176400,4,6300,9,0.100590721,0,-0.100590721,1.84199226,-0.889362454
176400,4,6300,8,0.0880116522,0,-0.0880116522,1.83634865,-0.883573711
176400,4,6300,7,0.0760910437,0,-0.0760910437,1.83008182,-0.877145827
176400,4,6300,6,0.0647086501,0,-0.0647086501,1.82308269,-0.869966626
176400,4,6300,5,0.0551097244,0,-0.0551097244,1.81178713,-0.858380616
176400,4,6300,4,0.0451517887,0,-0.0451517887,1.79933345,-0.845606744
176400,4,6300,3,0.0350038148,0,-0.0350038148,1.78441048,-0.830299973
176400,4,6300,2,0.0248076655,0,-0.0248076655,1.76303995,-0.808379829
176400,4,6300,1,0.0134246619,0,-0.0134246619,1.73532963,-0.779956877
176400,4,6300,0,0,0,0,0,0
176400,4,6300,-1,-0.0132468278,0,0.0132468278,1.71234202,-0.756378055
176400,4,6300,-2,-0.0242071431,0,0.0242071431,1.72036183,-0.764604092
176400,4,6300,-3,-0.0338199884,0,0.0338199884,1.72406185,-0.768399239
176400,4,6300,-4,-0.0432011783,0,0.0432011783,1.72160017,-0.765874326
176400,4,6300,-5,-0.0522312745,0,0.0522312745,1.71715522,-0.761315048
176400,4,6300,-6,-0.0607759207,0,0.0607759207,1.71228325,-0.756317735
176400,4,6300,-7,-0.0707105994,0,0.0707105994,1.70067573,-0.744411707
176400,4,6300,-8,-0.0808921978,0,0.0808921978,1.68780231,-0.731207311
176400,4,6300,-9,-0.0913970247,0,0.0913970247,1.67363966,-0.716680348
176400,4,6300,-10,-0.102292843,0,0.102292843,1.65815592,-0.700798512
176400,5,16000,10,0.256998658,0,-0.256998658,1.48376465,-0.762288928
176400,5,16000,9,0.226085573,0,-0.226085573,1.47454047,-0.751333356
176400,5,16000,8,0.1970599,0,-0.1970599,1.46442509,-0.739319205
176400,5,16000,7,0.16965206,0,-0.16965206,1.45328271,-0.726085126
176400,5,16000,6,0.143598676,0,-0.143598676,1.44094837,-0.711435556
176400,5,16000,5,0.121380277,0,-0.121380277,1.42128456,-0.68808049
176400,5,16000,4,0.0986324623,0,-0.0986324623,1.39994347,-0.662733436
176400,5,16000,3,0.0757207349,0,-0.0757207349,1.37482738,-0.632902563
176400,5,16000,2,0.0529269613,0,-0.0529269613,1.33969879,-0.591179848
176400,5,16000,1,0.0281400811,0,-0.0281400811,1.29556119,-0.538756967
176400,5,16000,0,0,0,0,0,0
176400,5,16000,-1,-0.0273698904,0,0.0273698904,1.2601018,-0.496641368
176400,5,16000,-2,-0.050266508,0,0.050266508,1.27235675,-0.511196792
176400,5,16000,-3,-0.0703907013,0,0.0703907013,1.27805233,-0.517961442
176400,5,16000,-4,-0.0897774845,0,0.0897774845,1.27426004,-0.513457417
176400,5,16000,-5,-0.108241849,0,0.108241849,1.26744211,-0.505359471
176400,5,16000,-6,-0.125567377,0,0.125567377,1.26001227,-0.496535093
176400,5,16000,-7,-0.145044893,0,0.145044893,1.24249148,-0.475725293
176400,5,16000,-8,-0.164619908,0,0.164619908,1.2233516,-0.452992588
176400,5,16000,-9,-0.184396252,0,0.184396252,1.20264077,-0.428394049
176400,5,16000,-10,-0.204454213,0,0.204454213,1.18040276,-0.401981533
192000,1,400,10,0.00705275545,0,-0.00705275545,1.9933058,-0.99347657
192000,1,400,9,0.0062421551,0,-0.0062421551,1.99296355,-0.993134379
192000,1,400,8,0.00547730178,0,-0.00547730178,1.99258363,-0.99275434
192000,1,400,7,0.00475063967,0,-0.00475063967,1.99215913,-0.992329776
192000,1,400,6,0.00405453425,0,-0.00405453425,1.99168169,-0.991852343
192000,1,400,5,0.00347325322,0,-0.00347325322,1.99090397,-0.991074502
192000,1,400,4,0.00286410726,0,-0.00286410726,1.99003589,-0.990206361
192000,1,400,3,0.0022377742,0,-0.0022377742,1.98898077,-0.98915118
192000,1,400,2,0.00160392106,0,-0.00160392106,1.98744071,-0.987610936
192000,1,400,1,0.000880911888,0,-0.000880911888,1.9853909,-0.985561013
192000,1,400,0,0,0,0,0,0
192000,1,400,-1,-0.000880136562,0,0.000880136562,1.98364353,-0.983813465
192000,1,400,-2,-0.00160135259,0,0.00160135259,1.98425806,-0.984428108
192000,1,400,-3,-0.00223277765,0,0.00223277765,1.98453975,-0.984709859
192000,1,400,-4,-0.00285592768,0,0.00285592768,1.98435247,-0.984522521
192000,1,400,-5,-0.00346123148,0,0.00346123148,1.98401296,-0.984182954
192000,1,400,-6,-0.00403816113,0,0.00403816113,1.983639,-0.983808935
192000,1,400,-7,-0.00472817803,0,0.00472817803,1.98273981,-0.982909679
192000,1,400,-8,-0.00544746453,0,0.00544746453,1.98172915,-0.981898904
192000,1,400,-9,-0.00620343257,0,0.00620343257,1.98060036,-0.980770111
192000,1,400,-10,-0.00700336276,0,0.00700336276,1.97934592,-0.979515493
192000,2,1000,10,0.0175434332,0,-0.0175434332,1.98271108,-0.983773172
192000,2,1000,9,0.0155231366,0,-0.0155231366,1.98186481,-0.982926428
192000,2,1000,8,0.0136172213,0,-0.0136172213,1.98092532,-0.981986463
192000,2,1000,7,0.0118069137,0,-0.0118069137,1.97987628,-0.980936944
192000,2,1000,6,0.0100732762,0,-0.0100732762,1.97869766,-0.979757547
192000,2,1000,5,0.00862411503,0,-0.00862411503,1.97677898,-0.97783798
192000,2,1000,4,0.00710700545,0,-0.00710700545,1.97464025,-0.975698113
192000,2,1000,3,0.00554846227,0,-0.00554846227,1.97204435,-0.973100781
192000,2,1000,2,0.00397230079,0,-0.00397230079,1.96826255,-0.969317019
192000,2,1000,1,0.00217836536,0,-0.00217836536,1.96324277,-0.964294493
192000,2,1000,0,0,0,0,0,0
192000,2,1000,-1,-0.00217363052,0,0.00217363052,1.95897543,-0.960024834
192000,2,1000,-2,-0.00395658426,0,0.00395658426,1.96047497,-0.961525261
192000,2,1000,-3,-0.0055178469,0,0.0055178469,1.96116304,-0.962213576
192000,2,1000,-4,-0.00705685234,0,0.00705685234,1.96070564,-0.961755872
192000,2,1000,-5,-0.0085503757,0,0.0085503757,1.95987678,-0.960926712
192000,2,1000,-6,-0.00997281633,0,0.00997281633,1.95896435,-0.960013807
192000,2,1000,-7,-0.0116691384,0,0.0116691384,1.95677292,-0.957821071
192000,2,1000,-8,-0.0134342834,0,0.0134342834,1.95431304,-0.955359876
192000,2,1000,-9,-0.0152858524,0,0.0152858524,1.95157027,-0.952615738
192000,2,1000,-10,-0.0172409676,0,0.0172409676,1.94852722,-0.949571013
192000,3,2500,10,0.043291457,0,-0.043291457,1.95340204,-0.95995754
192000,3,2500,9,0.0382820405,0,-0.0382820405,1.95134568,-0.957894385
192000,3,2500,8,0.0335584842,0,-0.0335584842,1.94906604,-0.955607116
192000,3,2500,7,0.0290745925,0,-0.0290745925,1.94652462,-0.953057051
192000,3,2500,6,0.0247839186,0,-0.0247839186,1.94367325,-0.950196207
192000,3,2500,5,0.0211884547,0,-0.0211884547,1.93904305,-0.945550501
192000,3,2500,4,0.0174336117,0,-0.0174336117,1.9338969,-0.940387011
192000,3,2500,3,0.013584529,0,-0.013584529,1.92767239,-0.934141636
192000,3,2500,2,0.00969861075,0,-0.00969861075,1.91864669,-0.925085664
192000,3,2500,1,0.0052991272,0,-0.0052991272,1.90674317,-0.913142204
192000,3,2500,0,0,0,0,0,0
192000,3,2500,-1,-0.0052711945,0,0.0052711945,1.8966924,-0.903057635
192000,3,2500,-2,-0.00960545056,0,0.00960545056,1.90021729,-0.906594396
192000,3,2500,-3,-0.0134024629,0,0.0134024629,1.90183675,-0.908219337
192000,3,2500,-4,-0.0171348881,0,0.0171348881,1.90075982,-0.907138705
192000,3,2500,-5,-0.0207488183,0,0.0207488183,1.89881027,-0.90518266
192000,3,2500,-6,-0.0241845306,0,0.0241845306,1.89666641,-0.903031647
192000,3,2500,-7,-0.0282531437,0,0.0282531437,1.89152908,-0.897877097
192000,3,2500,-8,-0.0324688777,0,0.0324688777,1.88578212,-0.892110765
192000,3,2500,-9,-0.0368705615,0,0.0368705615,1.87939847,-0.885705769
192000,3,2500,-10,-0.0414950736,0,0.0414950736,1.87234545,-0.878628969
192000,4,6300,10,0.105272189,0,-0.105272189,1.86233604,-0.902628422
192000,4,6300,9,0.0929506719,0,-0.0929506719,1.85757613,-0.897765577
192000,4,6300,8,0.0813459381,0,-0.0813459381,1.85231578,-0.892391443
192000,4,6300,7,0.0703463331,0,-0.0703463331,1.84647179,-0.886421025
192000,4,6300,6,0.0598405674,0,-0.0598405674,1.83994114,-0.879749179
192000,4,6300,5,0.0509875454,0,-0.0509875454,1.82939398,-0.868973672
192000,4,6300,4,0.0417959467,0,-0.0417959467,1.81775391,-0.857081771
192000,4,6300,3,0.0324221924,0,-0.0324221924,1.80378997,-0.842815816
192000,4,6300,2,0.0229983497,0,-0.0229983497,1.78376293,-0.82235539
192000,4,6300,1,0.0124598341,0,-0.0124598341,1.75774181,-0.795771301
192000,4,6300,0,0,0,0,0,0
192000,4,6300,-1,-0.0123064974,0,0.0123064974,1.73611021,-0.773671687
192000,4,6300,-2,-0.0224813167,0,0.0224813167,1.74366164,-0.781386435
192000,4,6300,-3,-0.0314040072,0,0.0314040072,1.74714375,-0.784943998
192000,4,6300,-4,-0.0401191302,0,0.0401191302,1.74482715,-0.782577276
192000,4,6300,-5,-0.0485139377,0,0.0485139377,1.74064291,-0.778302431
192000,4,6300,-6,-0.0564618558,0,0.0564618558,1.73605466,-0.773615003
192000,4,6300,-7,-0.0657229647,0,0.0657229647,1.72511625,-0.762439847
192000,4,6300,-8,-0.0752265602,0,0.0752265602,1.71297252,-0.750033379
192000,4,6300,-9,-0.0850456208,0,0.0850456208,1.69959736,-0.736368895
192000,4,6300,-10,-0.095245488,0,0.095245488,1.68495691,-0.721411645
192000,5,16000,10,0.240253076,0,-0.240253076,1.53960073,-0.777777791
192000,5,16000,9,0.211439878,0,-0.211439878,1.53064954,-0.767441869
192000,5,16000,8,0.184376389,0,-0.184376389,1.52082515,-0.756097555
192000,5,16000,7,0.158810407,0,-0.158810407,1.50999296,-0.743589759
192000,5,16000,6,0.134494916,0,-0.134494916,1.49798989,-0.729729712
192000,5,16000,5,0.113783538,0,-0.113783538,1.478827,-0.707602322
192000,5,16000,4,0.0925463885,0,-0.0925463885,1.45799208,-0.683544278
192000,5,16000,3,0.0711271614,0,-0.0711271614,1.43342137,-0.655172408
192000,5,16000,2,0.0497933477,0,-0.0497933477,1.39896405,-0.615384638
192000,5,16000,1,0.0265257508,0,-0.0265257508,1.35551798,-0.565217376
192000,5,16000,0,0,0,0,0,0
192000,5,16000,-1,-0.0258403178,0,0.0258403178,1.32049096,-0.52477169
192000,5,16000,-2,-0.0474315733,0,0.0474315733,1.33260906,-0.538764358
192000,5,16000,-3,-0.0664040297,0,0.0664040297,1.33823645,-0.545262277
192000,5,16000,-4,-0.084707059,0,0.084707059,1.33448994,-0.540936232
192000,5,16000,-5,-0.10215947,0,0.10215947,1.3277508,-0.533154607
192000,5,16000,-6,-0.118550472,0,0.118550472,1.3204025,-0.524669468
192000,5,16000,-7,-0.137046054,0,0.137046054,1.30305445,-0.504637659
192000,5,16000,-8,-0.155673817,0,0.155673817,1.28407252,-0.482719153
192000,5,16000,-9,-0.174536005,0,0.174536005,1.26349604,-0.458959609
192000,5,16000,-10,-0.193712935,0,0.193712935,1.24136007,-0.4333992
